,Mehdi,Donya,Leyla,Mina,
mashin_600.0_transportation_Leyla,0,0.3333333333333333,0.3333333333333333,0.3333333333333333,