,manya,mahsh,Moh,Vida,
ataina_157000.0_business_manya,0.3,0.7,0,0,
pizza_300.0_food_mahsh,0.3333333333333333,0.3333333333333333,0.3333333333333333,0,