,haloo1,haloo2,haloo3,haloo4,haloo5,
eye_15000.0_shopping_haloo1,0.3333333333333333,0,0,0.3333333333333333,0.3333333333333333,