,haloo1,haloo2,haloo3,haloo4,haloo5,
eye_15000.0_shopping_haloo1,0.3333333333333333,0,0,0.3333333333333333,0.3333333333333333,
eye2_50000.0_Other_haloo4,0.3,0,0,0.7,0,