 ,j,n,b,kk,
ji_78555.0_gift_j,0.333333333,0.333333333,0.333333333,0
jio_7855.0_business_kk,0,0.333333333,0.333333333,0.333333333
