,Donya,Mehdi,Parham,
ice cream_20.0_food_Mehdi,0.3333333333333333,0.3333333333333333,0,
gift_500.0_gift_Donya,0.5,0,0.5,